file,source
http://www.tainan.gov.tw/tn/tainan/warehouse/{85575029-58A5-4A2C-90E2-87E6327C6496}/10月21日新市區周家中壇元帥繞境路關圖.pdf,http://www.tainan.gov.tw/tn/agr/tnpage.asp?id=96742358-E865-49D6-BDF7-ED02D9D8EAD2
http://www.tainan.gov.tw/tn/tainan/warehouse/{85575029-58A5-4A2C-90E2-87E6327C6496}/10月26日楠西區北極殿聖濟宮東福宮遶境路關圖.pdf,http://www.tainan.gov.tw/tn/agr/tnpage.asp?id=96742358-E865-49D6-BDF7-ED02D9D8EAD2
http://www.tainan.gov.tw/tn/tainan/warehouse/{85575029-58A5-4A2C-90E2-87E6327C6496}/10月08日歸仁區尊龍會繞境.pdf,http://www.tainan.gov.tw/tn/agr/tnpage.asp?id=C239BDD0-44CC-4748-AE94-F8DC5CA73025
http://www.tainan.gov.tw/tn/tainan/warehouse/{85575029-58A5-4A2C-90E2-87E6327C6496}/1001安平區聖元堂遶境路關表.pdf,http://www.tainan.gov.tw/tn/agr/tnpage.asp?id=ED0D43D1-6C4D-46A6-9D9D-C05E7C606418
http://www.tainan.gov.tw/tn/tainan/warehouse/{85575029-58A5-4A2C-90E2-87E6327C6496}/10月08日歸仁區尊龍會繞境路觀圖.pdf,http://www.tainan.gov.tw/tn/agr/tnpage.asp?id=ED0D43D1-6C4D-46A6-9D9D-C05E7C606418
http://www.tainan.gov.tw/tn/tainan/warehouse/{85575029-58A5-4A2C-90E2-87E6327C6496}/善化區0923尊聖社路關圖.pdf,http://www.tainan.gov.tw/tn/agr/tnpage.asp?id=0653CD41-9063-48D6-8400-01E0F126286B
http://www.tainan.gov.tw/tn/tainan/warehouse/{85575029-58A5-4A2C-90E2-87E6327C6496}/歸仁0923飛龍宮遶境路關圖.pdf,http://www.tainan.gov.tw/tn/agr/tnpage.asp?id=0653CD41-9063-48D6-8400-01E0F126286B
http://www.tainan.gov.tw/tn/tainan/warehouse/{85575029-58A5-4A2C-90E2-87E6327C6496}/永康0923慈母宮路關圖.pdf,http://www.tainan.gov.tw/tn/agr/tnpage.asp?id=0653CD41-9063-48D6-8400-01E0F126286B
http://www.tainan.gov.tw/tn/tainan/warehouse/{85575029-58A5-4A2C-90E2-87E6327C6496}/9月23日北區城隍廟遶境路關圖.pdf,http://www.tainan.gov.tw/tn/agr/tnpage.asp?id=0653CD41-9063-48D6-8400-01E0F126286B
http://www.tainan.gov.tw/tn/tainan/warehouse/{85575029-58A5-4A2C-90E2-87E6327C6496}/南天宮遶境路關圖.pdf,http://www.tainan.gov.tw/tn/agr/tnpage.asp?id=88406CD2-D5D2-451D-B4F6-0F03334C93D0
http://www.tainan.gov.tw/tn/tainan/warehouse/{85575029-58A5-4A2C-90E2-87E6327C6496}/南天宮.pdf,http://www.tainan.gov.tw/tn/agr/tnpage.asp?id=5828CA73-00E4-434A-84A4-5F47BA067E35
http://www.tainan.gov.tw/tn/tainan/warehouse/{85575029-58A5-4A2C-90E2-87E6327C6496}/新市6月25日太子宮遶境路關圖.pdf,http://www.tainan.gov.tw/tn/agr/tnpage.asp?id=9B31EB93-B73D-46EE-9E28-7350D86069A1
http://www.tainan.gov.tw/tn/tainan/warehouse/{85575029-58A5-4A2C-90E2-87E6327C6496}/6月25日府城玉旨開福殿遶境.pdf,http://www.tainan.gov.tw/tn/agr/tnpage.asp?id=9B31EB93-B73D-46EE-9E28-7350D86069A1
http://www.tainan.gov.tw/tn/tainan/warehouse/{85575029-58A5-4A2C-90E2-87E6327C6496}/佳里區普正宮5月28日路關圖.pdf,http://www.tainan.gov.tw/tn/agr/tnpage.asp?id=9FF5D8B7-EB8E-477F-A52C-0D6B748EF853
http://www.tainan.gov.tw/tn/tainan/warehouse/{85575029-58A5-4A2C-90E2-87E6327C6496}/1060528安平紫鳳宮路關.pdf,http://www.tainan.gov.tw/tn/agr/tnpage.asp?id=9FF5D8B7-EB8E-477F-A52C-0D6B748EF853
http://www.tainan.gov.tw/tn/tainan/warehouse/{85575029-58A5-4A2C-90E2-87E6327C6496}/路關表.pdf,http://www.tainan.gov.tw/tn/agr/tnpage.asp?id=5A175EEF-7165-4768-B63C-9BFC88EF8178
http://www.tainan.gov.tw/tn/tainan/warehouse/{85575029-58A5-4A2C-90E2-87E6327C6496}/永隆宮路線圖(1).pdf,http://www.tainan.gov.tw/tn/agr/tnpage.asp?id=5A175EEF-7165-4768-B63C-9BFC88EF8178
http://www.tainan.gov.tw/tn/tainan/warehouse/{85575029-58A5-4A2C-90E2-87E6327C6496}/歸仁區5月21日威靈宮路關圖.pdf,http://www.tainan.gov.tw/tn/agr/tnpage.asp?id=5A175EEF-7165-4768-B63C-9BFC88EF8178
http://www.tainan.gov.tw/tn/tainan/warehouse/{85575029-58A5-4A2C-90E2-87E6327C6496}/106.05.14中西區弘福堂路關表(1).docx,http://www.tainan.gov.tw/tn/agr/tnpage.asp?id=64144294-F7DD-46BF-B1DA-62D00691E226
http://www.tainan.gov.tw/tn/tainan/warehouse/{85575029-58A5-4A2C-90E2-87E6327C6496}/永隆宮路線圖.pdf,http://www.tainan.gov.tw/tn/agr/tnpage.asp?id=64144294-F7DD-46BF-B1DA-62D00691E226
http://www.tainan.gov.tw/tn/tainan/warehouse/{85575029-58A5-4A2C-90E2-87E6327C6496}/106.05.14中西區弘福堂路關表.docx,http://www.tainan.gov.tw/tn/agr/tnpage.asp?id=EF7333AF-BA47-41BC-9D39-C5077BA319A2
http://www.tainan.gov.tw/tn/tainan/warehouse/{85575029-58A5-4A2C-90E2-87E6327C6496}/佳里鎮西宮繞境路線時間圖.pdf,http://www.tainan.gov.tw/tn/agr/tnpage.asp?id=7CC02634-510B-4D4B-B07D-051BCFC0077E
http://www.tainan.gov.tw/tn/tainan/warehouse/{85575029-58A5-4A2C-90E2-87E6327C6496}/佳里區保興宮繞境路線圖.pdf,http://www.tainan.gov.tw/tn/agr/tnpage.asp?id=CFADF9F0-17DE-4460-A834-721BDFD0FF1A
http://www.tainan.gov.tw/tn/tainan/warehouse/{85575029-58A5-4A2C-90E2-87E6327C6496}/大灣聖佛宮1060409(1).docx,http://www.tainan.gov.tw/tn/agr/tnpage.asp?id=CFADF9F0-17DE-4460-A834-721BDFD0FF1A
http://www.tainan.gov.tw/tn/tainan/warehouse/{85575029-58A5-4A2C-90E2-87E6327C6496}/保寧宮1060408(1).docx,http://www.tainan.gov.tw/tn/agr/tnpage.asp?id=CFADF9F0-17DE-4460-A834-721BDFD0FF1A
http://www.tainan.gov.tw/tn/tainan/warehouse/{85575029-58A5-4A2C-90E2-87E6327C6496}/保安宮.pdf,http://www.tainan.gov.tw/tn/agr/tnpage.asp?id=CFADF9F0-17DE-4460-A834-721BDFD0FF1A
http://www.tainan.gov.tw/tn/tainan/warehouse/{85575029-58A5-4A2C-90E2-87E6327C6496}/大內保安宮路關.pdf,http://www.tainan.gov.tw/tn/agr/tnpage.asp?id=E56FC0B6-BD11-4E39-9505-9466AE81BB87
http://www.tainan.gov.tw/tn/tainan/warehouse/{85575029-58A5-4A2C-90E2-87E6327C6496}/保寧宮1060408.docx,http://www.tainan.gov.tw/tn/agr/tnpage.asp?id=E56FC0B6-BD11-4E39-9505-9466AE81BB87
http://www.tainan.gov.tw/tn/tainan/warehouse/{85575029-58A5-4A2C-90E2-87E6327C6496}/大灣聖佛宮1060409.docx,http://www.tainan.gov.tw/tn/agr/tnpage.asp?id=E56FC0B6-BD11-4E39-9505-9466AE81BB87
http://www.tainan.gov.tw/tn/tainan/warehouse/{85575029-58A5-4A2C-90E2-87E6327C6496}/開山宮路關表1060326.pdf,http://www.tainan.gov.tw/tn/agr/tnpage.asp?id=0D678572-7C96-474D-9AD5-0435CE4692C3
http://www.tainan.gov.tw/tn/tainan/warehouse/{85575029-58A5-4A2C-90E2-87E6327C6496}/龍興宮遶境圖1060331.pdf,http://www.tainan.gov.tw/tn/agr/tnpage.asp?id=0D678572-7C96-474D-9AD5-0435CE4692C3
http://www.tainan.gov.tw/tn/tainan/warehouse/{85575029-58A5-4A2C-90E2-87E6327C6496}/南區塩埕北極殿遶境路線表.pdf,http://www.tainan.gov.tw/tn/agr/tnpage.asp?id=80CF3F27-38E8-4A3B-A46F-77D1737AC641
http://www.tainan.gov.tw/tn/tainan/warehouse/{85575029-58A5-4A2C-90E2-87E6327C6496}/安平區平豐路101巷13弄3號.pdf,http://www.tainan.gov.tw/tn/agr/tnpage.asp?id=80CF3F27-38E8-4A3B-A46F-77D1737AC641
http://www.tainan.gov.tw/tn/tainan/warehouse/{85575029-58A5-4A2C-90E2-87E6327C6496}/善化區長興宮遶境路線圖1060311(1).pdf,http://www.tainan.gov.tw/tn/agr/tnpage.asp?id=5E9E23EF-BADE-4CA8-9C9C-AB98B91D66B7
http://www.tainan.gov.tw/tn/tainan/warehouse/{85575029-58A5-4A2C-90E2-87E6327C6496}/六甲區菁埔寮代天府繞境路線1060309.pdf,http://www.tainan.gov.tw/tn/agr/tnpage.asp?id=5E9E23EF-BADE-4CA8-9C9C-AB98B91D66B7
http://www.tainan.gov.tw/tn/tainan/warehouse/{85575029-58A5-4A2C-90E2-87E6327C6496}/善化區焄畗宮路線圖1060305.pdf,http://www.tainan.gov.tw/tn/agr/tnpage.asp?id=94B70B67-7626-4A48-B976-86F4A3A23105
http://www.tainan.gov.tw/tn/tainan/warehouse/{85575029-58A5-4A2C-90E2-87E6327C6496}/善化區長興宮遶境路線圖1060311.pdf,http://www.tainan.gov.tw/tn/agr/tnpage.asp?id=94B70B67-7626-4A48-B976-86F4A3A23105
http://www.tainan.gov.tw/tn/tainan/warehouse/{85575029-58A5-4A2C-90E2-87E6327C6496}/中西區南廠保安宮協敬堂1060305(1).pdf,http://www.tainan.gov.tw/tn/agr/tnpage.asp?id=94B70B67-7626-4A48-B976-86F4A3A23105
http://www.tainan.gov.tw/tn/tainan/warehouse/{85575029-58A5-4A2C-90E2-87E6327C6496}/仁德區杞杆北極殿繞境路線表1060228(1).pdf,http://www.tainan.gov.tw/tn/agr/tnpage.asp?id=55D70A8A-7E3C-4C5C-B902-2978B4E2EF71
http://www.tainan.gov.tw/tn/tainan/warehouse/{85575029-58A5-4A2C-90E2-87E6327C6496}/中西區南廠保安宮協敬堂1060305.pdf,http://www.tainan.gov.tw/tn/agr/tnpage.asp?id=55D70A8A-7E3C-4C5C-B902-2978B4E2EF71
http://www.tainan.gov.tw/tn/tainan/warehouse/{85575029-58A5-4A2C-90E2-87E6327C6496}/官田區三結義三千宮遶境路線1060226.pdf,http://www.tainan.gov.tw/tn/agr/tnpage.asp?id=55D70A8A-7E3C-4C5C-B902-2978B4E2EF71
http://www.tainan.gov.tw/tn/tainan/warehouse/{85575029-58A5-4A2C-90E2-87E6327C6496}/中西區大埔福德祠聖誕千秋遶境活動路關圖1060219(1).pdf,http://www.tainan.gov.tw/tn/agr/tnpage.asp?id=C831743D-F954-4DE6-AF9C-33F73C044BA1
http://www.tainan.gov.tw/tn/tainan/warehouse/{85575029-58A5-4A2C-90E2-87E6327C6496}/佳里區金唐殿路關圖1060217-1060219(1).pdf,http://www.tainan.gov.tw/tn/agr/tnpage.asp?id=C831743D-F954-4DE6-AF9C-33F73C044BA1
http://www.tainan.gov.tw/tn/tainan/warehouse/{85575029-58A5-4A2C-90E2-87E6327C6496}/佳里區金唐殿蜈蚣陣路線1060216(1).pdf,http://www.tainan.gov.tw/tn/agr/tnpage.asp?id=C831743D-F954-4DE6-AF9C-33F73C044BA1
http://www.tainan.gov.tw/tn/tainan/warehouse/{85575029-58A5-4A2C-90E2-87E6327C6496}/佳里金唐殿香科神轎路線時間表1060217-1060219(1).pdf,http://www.tainan.gov.tw/tn/agr/tnpage.asp?id=C831743D-F954-4DE6-AF9C-33F73C044BA1
http://www.tainan.gov.tw/tn/tainan/warehouse/{85575029-58A5-4A2C-90E2-87E6327C6496}/佳里金唐殿丁酉年科儀表1060208(1).pdf,http://www.tainan.gov.tw/tn/agr/tnpage.asp?id=C831743D-F954-4DE6-AF9C-33F73C044BA1
http://www.tainan.gov.tw/tn/tainan/warehouse/{85575029-58A5-4A2C-90E2-87E6327C6496}/南區文安宮遶境路關圖1060218(1).pdf,http://www.tainan.gov.tw/tn/agr/tnpage.asp?id=C831743D-F954-4DE6-AF9C-33F73C044BA1
http://www.tainan.gov.tw/tn/tainan/warehouse/{85575029-58A5-4A2C-90E2-87E6327C6496}/南廠南聯會繞境路關表1060219.pdf,http://www.tainan.gov.tw/tn/agr/tnpage.asp?id=C831743D-F954-4DE6-AF9C-33F73C044BA1
http://www.tainan.gov.tw/tn/tainan/warehouse/{85575029-58A5-4A2C-90E2-87E6327C6496}/仁德區杞杆北極殿繞境路線表1060228.pdf,http://www.tainan.gov.tw/tn/agr/tnpage.asp?id=C831743D-F954-4DE6-AF9C-33F73C044BA1
http://www.tainan.gov.tw/tn/tainan/warehouse/{85575029-58A5-4A2C-90E2-87E6327C6496}/新市區清保宮遶境圖1060211(2).pdf,http://www.tainan.gov.tw/tn/agr/tnpage.asp?id=8AB4BB2E-0AB0-4DE5-92FE-D4EE6AF327E3
http://www.tainan.gov.tw/tn/tainan/warehouse/{85575029-58A5-4A2C-90E2-87E6327C6496}/新市區永安宮遶境表1060211(2).pdf,http://www.tainan.gov.tw/tn/agr/tnpage.asp?id=8AB4BB2E-0AB0-4DE5-92FE-D4EE6AF327E3
http://www.tainan.gov.tw/tn/tainan/warehouse/{85575029-58A5-4A2C-90E2-87E6327C6496}/新市區永安宮遶境圖1060211(2).pdf,http://www.tainan.gov.tw/tn/agr/tnpage.asp?id=8AB4BB2E-0AB0-4DE5-92FE-D4EE6AF327E3
http://www.tainan.gov.tw/tn/tainan/warehouse/{85575029-58A5-4A2C-90E2-87E6327C6496}/六甲媽祖廟繞境路關圖1060211(1).pdf,http://www.tainan.gov.tw/tn/agr/tnpage.asp?id=8AB4BB2E-0AB0-4DE5-92FE-D4EE6AF327E3
http://www.tainan.gov.tw/tn/tainan/warehouse/{85575029-58A5-4A2C-90E2-87E6327C6496}/官田區角秀北極殿繞境路關1060211.pdf,http://www.tainan.gov.tw/tn/agr/tnpage.asp?id=8AB4BB2E-0AB0-4DE5-92FE-D4EE6AF327E3
http://www.tainan.gov.tw/tn/tainan/warehouse/{85575029-58A5-4A2C-90E2-87E6327C6496}/中西區良皇宮遶境路關圖1060211.png,http://www.tainan.gov.tw/tn/agr/tnpage.asp?id=8AB4BB2E-0AB0-4DE5-92FE-D4EE6AF327E3
http://www.tainan.gov.tw/tn/tainan/warehouse/{85575029-58A5-4A2C-90E2-87E6327C6496}/南區文安宮遶境路關圖1060218.pdf,http://www.tainan.gov.tw/tn/agr/tnpage.asp?id=8AB4BB2E-0AB0-4DE5-92FE-D4EE6AF327E3
http://www.tainan.gov.tw/tn/tainan/warehouse/{85575029-58A5-4A2C-90E2-87E6327C6496}/中西區大埔福德祠聖誕千秋遶境活動路關圖1060219.pdf,http://www.tainan.gov.tw/tn/agr/tnpage.asp?id=8AB4BB2E-0AB0-4DE5-92FE-D4EE6AF327E3
http://www.tainan.gov.tw/tn/tainan/warehouse/{85575029-58A5-4A2C-90E2-87E6327C6496}/佳里金唐殿丁酉年科儀表1060208.pdf,http://www.tainan.gov.tw/tn/agr/tnpage.asp?id=8AB4BB2E-0AB0-4DE5-92FE-D4EE6AF327E3
http://www.tainan.gov.tw/tn/tainan/warehouse/{85575029-58A5-4A2C-90E2-87E6327C6496}/佳里區金唐殿路關圖1060217-1060219.pdf,http://www.tainan.gov.tw/tn/agr/tnpage.asp?id=8AB4BB2E-0AB0-4DE5-92FE-D4EE6AF327E3
http://www.tainan.gov.tw/tn/tainan/warehouse/{85575029-58A5-4A2C-90E2-87E6327C6496}/佳里區金唐殿蜈蚣陣路線1060216.pdf,http://www.tainan.gov.tw/tn/agr/tnpage.asp?id=8AB4BB2E-0AB0-4DE5-92FE-D4EE6AF327E3
http://www.tainan.gov.tw/tn/tainan/warehouse/{85575029-58A5-4A2C-90E2-87E6327C6496}/佳里金唐殿香科神轎路線時間表1060217-1060219.pdf,http://www.tainan.gov.tw/tn/agr/tnpage.asp?id=8AB4BB2E-0AB0-4DE5-92FE-D4EE6AF327E3
http://www.tainan.gov.tw/tn/tainan/warehouse/{85575029-58A5-4A2C-90E2-87E6327C6496}/新市區清保宮遶境圖1060211(1).pdf,http://www.tainan.gov.tw/tn/agr/tnpage.asp?id=6B010323-4AFB-4B01-8A92-7909B9B7397B
http://www.tainan.gov.tw/tn/tainan/warehouse/{85575029-58A5-4A2C-90E2-87E6327C6496}/新市區永安宮遶境表1060211(1).pdf,http://www.tainan.gov.tw/tn/agr/tnpage.asp?id=6B010323-4AFB-4B01-8A92-7909B9B7397B
http://www.tainan.gov.tw/tn/tainan/warehouse/{85575029-58A5-4A2C-90E2-87E6327C6496}/新市區永安宮遶境圖1060211(1).pdf,http://www.tainan.gov.tw/tn/agr/tnpage.asp?id=6B010323-4AFB-4B01-8A92-7909B9B7397B
http://www.tainan.gov.tw/tn/tainan/warehouse/{85575029-58A5-4A2C-90E2-87E6327C6496}/六甲媽祖廟繞境路關圖1060211.pdf,http://www.tainan.gov.tw/tn/agr/tnpage.asp?id=6B010323-4AFB-4B01-8A92-7909B9B7397B
http://www.tainan.gov.tw/tn/tainan/warehouse/{85575029-58A5-4A2C-90E2-87E6327C6496}/新市區清保宮遶境圖1060211.pdf,http://www.tainan.gov.tw/tn/agr/tnpage.asp?id=786945FF-8A52-47D9-B004-C4B862CB5FBB
http://www.tainan.gov.tw/tn/tainan/warehouse/{85575029-58A5-4A2C-90E2-87E6327C6496}/新市區永安宮遶境圖1060211.pdf,http://www.tainan.gov.tw/tn/agr/tnpage.asp?id=786945FF-8A52-47D9-B004-C4B862CB5FBB
http://www.tainan.gov.tw/tn/tainan/warehouse/{85575029-58A5-4A2C-90E2-87E6327C6496}/新市區永安宮遶境表1060211.pdf,http://www.tainan.gov.tw/tn/agr/tnpage.asp?id=786945FF-8A52-47D9-B004-C4B862CB5FBB
http://www.tainan.gov.tw/tn/tainan/warehouse/{85575029-58A5-4A2C-90E2-87E6327C6496}/北區巡安宮遶境路關圖1060108.pdf,http://www.tainan.gov.tw/tn/agr/tnpage.asp?id=6FB93626-B0F2-4195-A1E2-DF81FD71D550
http://www.tainan.gov.tw/tn/tainan/warehouse/{85575029-58A5-4A2C-90E2-87E6327C6496}/善化區小新里祖師廟進香遶境路線1060101.pdf,http://www.tainan.gov.tw/tn/agr/tnpage.asp?id=861A0996-5538-4911-8DA5-FCE976827212
http://www.tainan.gov.tw/tn/tainan/warehouse/{85575029-58A5-4A2C-90E2-87E6327C6496}/台南郭家中壇元帥回鑾遶境1060101(4).pdf,http://www.tainan.gov.tw/tn/agr/tnpage.asp?id=861A0996-5538-4911-8DA5-FCE976827212
http://www.tainan.gov.tw/tn/tainan/warehouse/{85575029-58A5-4A2C-90E2-87E6327C6496}/中西區良皇宮遶境路關表1051231.tif,http://www.tainan.gov.tw/tn/agr/tnpage.asp?id=861A0996-5538-4911-8DA5-FCE976827212
http://www.tainan.gov.tw/tn/tainan/warehouse/{85575029-58A5-4A2C-90E2-87E6327C6496}/中西區萬福庵路關圖1051225(1).pdf,http://www.tainan.gov.tw/tn/agr/tnpage.asp?id=64EE6FAF-EF85-4D41-B7A9-DB5AD1F2EAD4
http://www.tainan.gov.tw/tn/tainan/warehouse/{85575029-58A5-4A2C-90E2-87E6327C6496}/仁德區清寧代天府醮典行事表10512(3).pdf,http://www.tainan.gov.tw/tn/agr/tnpage.asp?id=64EE6FAF-EF85-4D41-B7A9-DB5AD1F2EAD4
http://www.tainan.gov.tw/tn/tainan/warehouse/{85575029-58A5-4A2C-90E2-87E6327C6496}/仁德區清寧代天府遶境區域圖1051225(3).pdf,http://www.tainan.gov.tw/tn/agr/tnpage.asp?id=64EE6FAF-EF85-4D41-B7A9-DB5AD1F2EAD4
http://www.tainan.gov.tw/tn/tainan/warehouse/{85575029-58A5-4A2C-90E2-87E6327C6496}/六甲區林府太子元帥繞境路關表1051225.pdf,http://www.tainan.gov.tw/tn/agr/tnpage.asp?id=64EE6FAF-EF85-4D41-B7A9-DB5AD1F2EAD4
http://www.tainan.gov.tw/tn/tainan/warehouse/{85575029-58A5-4A2C-90E2-87E6327C6496}/台南郭家中壇元帥回鑾遶境1060101(3).pdf,http://www.tainan.gov.tw/tn/agr/tnpage.asp?id=64EE6FAF-EF85-4D41-B7A9-DB5AD1F2EAD4
http://www.tainan.gov.tw/tn/tainan/warehouse/{85575029-58A5-4A2C-90E2-87E6327C6496}/台南郭家中壇元帥回鑾遶境1060101(2).pdf,http://www.tainan.gov.tw/tn/agr/tnpage.asp?id=1B924427-6684-46B1-8C17-CF1CB6064AB9
http://www.tainan.gov.tw/tn/tainan/warehouse/{85575029-58A5-4A2C-90E2-87E6327C6496}/仁德區清寧代天府醮典行事表10512(2).pdf,http://www.tainan.gov.tw/tn/agr/tnpage.asp?id=1B924427-6684-46B1-8C17-CF1CB6064AB9
http://www.tainan.gov.tw/tn/tainan/warehouse/{85575029-58A5-4A2C-90E2-87E6327C6496}/仁德區清寧代天府遶境區域圖1051225(2).pdf,http://www.tainan.gov.tw/tn/agr/tnpage.asp?id=1B924427-6684-46B1-8C17-CF1CB6064AB9
http://www.tainan.gov.tw/tn/tainan/warehouse/{85575029-58A5-4A2C-90E2-87E6327C6496}/中西區萬福庵路關圖1051225.pdf,http://www.tainan.gov.tw/tn/agr/tnpage.asp?id=1B924427-6684-46B1-8C17-CF1CB6064AB9
http://www.tainan.gov.tw/tn/tainan/warehouse/{85575029-58A5-4A2C-90E2-87E6327C6496}/台南郭家中壇元帥回鑾遶境1060101(1).pdf,http://www.tainan.gov.tw/tn/agr/tnpage.asp?id=470C0961-CFAD-4DDB-8619-17B6484EFAC5
http://www.tainan.gov.tw/tn/tainan/warehouse/{85575029-58A5-4A2C-90E2-87E6327C6496}/仁德區清寧代天府醮典行事表10512(1).pdf,http://www.tainan.gov.tw/tn/agr/tnpage.asp?id=470C0961-CFAD-4DDB-8619-17B6484EFAC5
http://www.tainan.gov.tw/tn/tainan/warehouse/{85575029-58A5-4A2C-90E2-87E6327C6496}/仁德區清寧代天府遶境區域圖1051225(1).pdf,http://www.tainan.gov.tw/tn/agr/tnpage.asp?id=470C0961-CFAD-4DDB-8619-17B6484EFAC5
http://www.tainan.gov.tw/tn/tainan/warehouse/{85575029-58A5-4A2C-90E2-87E6327C6496}/南區和心堂繞境路關表1051211(3).pdf,http://www.tainan.gov.tw/tn/agr/tnpage.asp?id=470C0961-CFAD-4DDB-8619-17B6484EFAC5
http://www.tainan.gov.tw/tn/tainan/warehouse/{85575029-58A5-4A2C-90E2-87E6327C6496}/台南郭家中壇元帥回鑾遶境1060101.pdf,http://www.tainan.gov.tw/tn/agr/tnpage.asp?id=9BA4F845-313E-4806-9512-DD6CE5B00280
http://www.tainan.gov.tw/tn/tainan/warehouse/{85575029-58A5-4A2C-90E2-87E6327C6496}/仁德區清寧代天府遶境區域圖1051225.pdf,http://www.tainan.gov.tw/tn/agr/tnpage.asp?id=9BA4F845-313E-4806-9512-DD6CE5B00280
http://www.tainan.gov.tw/tn/tainan/warehouse/{85575029-58A5-4A2C-90E2-87E6327C6496}/仁德區清寧代天府醮典行事表10512.pdf,http://www.tainan.gov.tw/tn/agr/tnpage.asp?id=9BA4F845-313E-4806-9512-DD6CE5B00280
http://www.tainan.gov.tw/tn/tainan/warehouse/{85575029-58A5-4A2C-90E2-87E6327C6496}/南區和心堂繞境路關表1051211(2).pdf,http://www.tainan.gov.tw/tn/agr/tnpage.asp?id=9BA4F845-313E-4806-9512-DD6CE5B00280
http://www.tainan.gov.tw/tn/tainan/warehouse/{85575029-58A5-4A2C-90E2-87E6327C6496}/南區和心堂繞境路關表1051211(1).pdf,http://www.tainan.gov.tw/tn/agr/tnpage.asp?id=090E3C0D-ECD8-4322-A9BE-F8508427EFED
http://www.tainan.gov.tw/tn/tainan/warehouse/{85575029-58A5-4A2C-90E2-87E6327C6496}/南區和心堂繞境路關表1051211.pdf,http://www.tainan.gov.tw/tn/agr/tnpage.asp?id=AFAA00DF-6214-476C-BB2B-9A5DF116DF8D
http://www.tainan.gov.tw/tn/tainan/warehouse/{85575029-58A5-4A2C-90E2-87E6327C6496}/麻豆區良皇宮繞境大典工作手冊1051112(2).pdf,http://www.tainan.gov.tw/tn/agr/tnpage.asp?id=D677082F-70F7-4030-8E93-90FB14ACF513
http://www.tainan.gov.tw/tn/tainan/warehouse/{85575029-58A5-4A2C-90E2-87E6327C6496}/善化區什乃代天宮遶境行程表1051112.xlsx,http://www.tainan.gov.tw/tn/agr/tnpage.asp?id=D677082F-70F7-4030-8E93-90FB14ACF513
http://www.tainan.gov.tw/tn/tainan/warehouse/{85575029-58A5-4A2C-90E2-87E6327C6496}/大社西興北極殿台南市路關圖1051112.pdf,http://www.tainan.gov.tw/tn/agr/tnpage.asp?id=D677082F-70F7-4030-8E93-90FB14ACF513
http://www.tainan.gov.tw/tn/tainan/warehouse/{85575029-58A5-4A2C-90E2-87E6327C6496}/麻豆區-三元宮路關表1051029.pdf,http://www.tainan.gov.tw/tn/agr/tnpage.asp?id=E9090811-7D8C-4241-B54A-8FCD865075D9
http://www.tainan.gov.tw/tn/tainan/warehouse/{85575029-58A5-4A2C-90E2-87E6327C6496}/麻豆區良皇宮繞境大典工作手冊1051112(1).pdf,http://www.tainan.gov.tw/tn/agr/tnpage.asp?id=E9090811-7D8C-4241-B54A-8FCD865075D9
http://www.tainan.gov.tw/tn/tainan/warehouse/{85575029-58A5-4A2C-90E2-87E6327C6496}/永華宮路關圖.pdf,http://www.tainan.gov.tw/tn/agr/tnpage.asp?id=E9090811-7D8C-4241-B54A-8FCD865075D9
http://www.tainan.gov.tw/tn/tainan/warehouse/{85575029-58A5-4A2C-90E2-87E6327C6496}/麻豆區良皇宮繞境大典工作手冊1051112.pdf,http://www.tainan.gov.tw/tn/agr/tnpage.asp?id=E8E093D8-5C56-4BA7-BA69-76AFB3EE07C0
http://www.tainan.gov.tw/tn/tainan/warehouse/{85575029-58A5-4A2C-90E2-87E6327C6496}/安平區天泉宮遶境路關表1051023.pdf,http://www.tainan.gov.tw/tn/agr/tnpage.asp?id=E8E093D8-5C56-4BA7-BA69-76AFB3EE07C0
http://www.tainan.gov.tw/tn/tainan/warehouse/{85575029-58A5-4A2C-90E2-87E6327C6496}/大內區中天宮遶境路關圖1051001.pdf,http://www.tainan.gov.tw/tn/agr/tnpage.asp?id=9ECC3403-4255-495A-8310-FE764B908823
http://www.tainan.gov.tw/tn/tainan/warehouse/{85575029-58A5-4A2C-90E2-87E6327C6496}/永康保安宮遶境行程.pdf,http://www.tainan.gov.tw/tn/agr/tnpage.asp?id=38FC76B6-A83C-4115-91D9-6180D73F2D96
http://www.tainan.gov.tw/tn/tainan/warehouse/{85575029-58A5-4A2C-90E2-87E6327C6496}/安平區晟慈宮遶境路關表1050903(1).pdf,http://www.tainan.gov.tw/tn/agr/tnpage.asp?id=EAE2B731-B430-4ECE-963F-3C9726B0DFDE
http://www.tainan.gov.tw/tn/tainan/warehouse/{85575029-58A5-4A2C-90E2-87E6327C6496}/敬王堂遶境路關表1050904(1).pdf,http://www.tainan.gov.tw/tn/agr/tnpage.asp?id=EAE2B731-B430-4ECE-963F-3C9726B0DFDE
http://www.tainan.gov.tw/tn/tainan/warehouse/{85575029-58A5-4A2C-90E2-87E6327C6496}/縣城隍夜巡路關表1050904(1).pdf,http://www.tainan.gov.tw/tn/agr/tnpage.asp?id=EAE2B731-B430-4ECE-963F-3C9726B0DFDE
http://www.tainan.gov.tw/tn/tainan/warehouse/{85575029-58A5-4A2C-90E2-87E6327C6496}/安平區晟慈宮遶境路關表1050903.pdf,http://www.tainan.gov.tw/tn/agr/tnpage.asp?id=63644C98-B581-419C-AC1D-181BE3B49923
http://www.tainan.gov.tw/tn/tainan/warehouse/{85575029-58A5-4A2C-90E2-87E6327C6496}/敬王堂遶境路關表1050904.pdf,http://www.tainan.gov.tw/tn/agr/tnpage.asp?id=63644C98-B581-419C-AC1D-181BE3B49923
http://www.tainan.gov.tw/tn/tainan/warehouse/{85575029-58A5-4A2C-90E2-87E6327C6496}/縣城隍夜巡路關表1050904.pdf,http://www.tainan.gov.tw/tn/agr/tnpage.asp?id=63644C98-B581-419C-AC1D-181BE3B49923
http://www.tainan.gov.tw/tn/tainan/warehouse/{85575029-58A5-4A2C-90E2-87E6327C6496}/南區鹽埕武義堂遶境路線圖1050703.pdf,http://www.tainan.gov.tw/tn/agr/tnpage.asp?id=1923AD79-58EE-45CC-8EEB-E9582C99D9DD
http://www.tainan.gov.tw/tn/tainan/warehouse/{85575029-58A5-4A2C-90E2-87E6327C6496}/南區鹽埕武義堂遶境路線圖1050703.pdf,http://www.tainan.gov.tw/tn/agr/tnpage.asp?id=1923AD79-58EE-45CC-8EEB-E9582C99D9DD
http://www.tainan.gov.tw/tn/tainan/warehouse/{85575029-58A5-4A2C-90E2-87E6327C6496}/新營區太子爺廟遶境路線1050629-1050703(1).pdf,http://www.tainan.gov.tw/tn/agr/tnpage.asp?id=1923AD79-58EE-45CC-8EEB-E9582C99D9DD
http://www.tainan.gov.tw/tn/tainan/warehouse/{85575029-58A5-4A2C-90E2-87E6327C6496}/新營區太子爺廟遶境路線1050629-1050703.pdf,http://www.tainan.gov.tw/tn/agr/tnpage.asp?id=46219A96-FBB5-44BF-A82D-C5F558D1B6BF
http://www.tainan.gov.tw/tn/tainan/warehouse/{85575029-58A5-4A2C-90E2-87E6327C6496}/北區中庄城隍館路關表1050626.pdf,http://www.tainan.gov.tw/tn/agr/tnpage.asp?id=D9799DDF-93F2-4AB5-8044-2AFD471C3DFE
http://www.tainan.gov.tw/tn/tainan/warehouse/{85575029-58A5-4A2C-90E2-87E6327C6496}/佳里區四安宮路關圖1050612(1).pdf,http://www.tainan.gov.tw/tn/agr/tnpage.asp?id=2B8A4B10-6D46-4F37-9F5E-3278820DF071
http://www.tainan.gov.tw/tn/tainan/warehouse/{85575029-58A5-4A2C-90E2-87E6327C6496}/佳里區四安宮路關圖1050612-1(1).pdf,http://www.tainan.gov.tw/tn/agr/tnpage.asp?id=2B8A4B10-6D46-4F37-9F5E-3278820DF071
http://www.tainan.gov.tw/tn/tainan/warehouse/{85575029-58A5-4A2C-90E2-87E6327C6496}/佳里區四安宮路關圖1050612.pdf,http://www.tainan.gov.tw/tn/agr/tnpage.asp?id=4262572B-C3F7-4A60-ADEE-800ADB3E7DDF
http://www.tainan.gov.tw/tn/tainan/warehouse/{85575029-58A5-4A2C-90E2-87E6327C6496}/佳里區四安宮路關圖1050612-1.pdf,http://www.tainan.gov.tw/tn/agr/tnpage.asp?id=4262572B-C3F7-4A60-ADEE-800ADB3E7DDF
http://www.tainan.gov.tw/tn/tainan/warehouse/{85575029-58A5-4A2C-90E2-87E6327C6496}/永康區進天宮遶境路關表1050528.pdf,http://www.tainan.gov.tw/tn/agr/tnpage.asp?id=B8F28269-6BA2-4C80-9EB7-292B299AF0CF
http://www.tainan.gov.tw/tn/tainan/warehouse/{85575029-58A5-4A2C-90E2-87E6327C6496}/安平區文賢區遶境路線圖1050514.pdf,http://www.tainan.gov.tw/tn/agr/tnpage.asp?id=25F40694-C29D-489E-A9FF-E59B19325BD5
http://www.tainan.gov.tw/tn/tainan/warehouse/{85575029-58A5-4A2C-90E2-87E6327C6496}/鹽水區護庇宮繞境路關圖1050428(1).tif,http://www.tainan.gov.tw/tn/agr/tnpage.asp?id=029D19DC-DEB7-4935-8CE1-FD25B3F671C7
http://www.tainan.gov.tw/tn/tainan/warehouse/{85575029-58A5-4A2C-90E2-87E6327C6496}/鹽水區護庇宮繞境路關表1050428(1).tif,http://www.tainan.gov.tw/tn/agr/tnpage.asp?id=029D19DC-DEB7-4935-8CE1-FD25B3F671C7
http://www.tainan.gov.tw/tn/tainan/warehouse/{85575029-58A5-4A2C-90E2-87E6327C6496}/下營區茅港尾天后宮遶境路關圖1050423及1050424.pdf,http://www.tainan.gov.tw/tn/agr/tnpage.asp?id=C6BD6FA1-56D5-44D1-9244-1B55F496A33A
http://www.tainan.gov.tw/tn/tainan/warehouse/{85575029-58A5-4A2C-90E2-87E6327C6496}/鹽水區護庇宮繞境路關圖1050428.tif,http://www.tainan.gov.tw/tn/agr/tnpage.asp?id=C6BD6FA1-56D5-44D1-9244-1B55F496A33A
http://www.tainan.gov.tw/tn/tainan/warehouse/{85575029-58A5-4A2C-90E2-87E6327C6496}/鹽水區護庇宮繞境路關表1050428.tif,http://www.tainan.gov.tw/tn/agr/tnpage.asp?id=C6BD6FA1-56D5-44D1-9244-1B55F496A33A
http://www.tainan.gov.tw/tn/tainan/warehouse/{85575029-58A5-4A2C-90E2-87E6327C6496}/新營天鳳宮遶境錄路關表1050423.pdf,http://www.tainan.gov.tw/tn/agr/tnpage.asp?id=C6BD6FA1-56D5-44D1-9244-1B55F496A33A
http://www.tainan.gov.tw/tn/tainan/warehouse/{85575029-58A5-4A2C-90E2-87E6327C6496}/新營莊家天上聖母遶境路關表1050423.pdf,http://www.tainan.gov.tw/tn/agr/tnpage.asp?id=C6BD6FA1-56D5-44D1-9244-1B55F496A33A
http://www.tainan.gov.tw/tn/tainan/warehouse/{85575029-58A5-4A2C-90E2-87E6327C6496}/佳里天后宮遶境路關表1050423(1).pdf,http://www.tainan.gov.tw/tn/agr/tnpage.asp?id=C6BD6FA1-56D5-44D1-9244-1B55F496A33A
http://www.tainan.gov.tw/tn/tainan/warehouse/{85575029-58A5-4A2C-90E2-87E6327C6496}/學甲慈濟宮遶境路線圖1050415.pdf,http://www.tainan.gov.tw/tn/agr/tnpage.asp?id=AC0F8351-F95A-4950-B366-E6AE4E3F1354
http://www.tainan.gov.tw/tn/tainan/warehouse/{85575029-58A5-4A2C-90E2-87E6327C6496}/學甲慈濟宮遶境路線圖1050416.pdf,http://www.tainan.gov.tw/tn/agr/tnpage.asp?id=AC0F8351-F95A-4950-B366-E6AE4E3F1354
http://www.tainan.gov.tw/tn/tainan/warehouse/{85575029-58A5-4A2C-90E2-87E6327C6496}/學甲慈濟宮遶境路線圖1050417.pdf,http://www.tainan.gov.tw/tn/agr/tnpage.asp?id=AC0F8351-F95A-4950-B366-E6AE4E3F1354
http://www.tainan.gov.tw/tn/tainan/warehouse/{85575029-58A5-4A2C-90E2-87E6327C6496}/中西區溫陵廟境路關表1050416.pdf,http://www.tainan.gov.tw/tn/agr/tnpage.asp?id=AC0F8351-F95A-4950-B366-E6AE4E3F1354
http://www.tainan.gov.tw/tn/tainan/warehouse/{85575029-58A5-4A2C-90E2-87E6327C6496}/永康區鹽行天后宮遶境路關表1050416(1).pdf,http://www.tainan.gov.tw/tn/agr/tnpage.asp?id=AC0F8351-F95A-4950-B366-E6AE4E3F1354
http://www.tainan.gov.tw/tn/tainan/warehouse/{85575029-58A5-4A2C-90E2-87E6327C6496}/永康區鹽行天后宮遶境路關圖1050416(1).pdf,http://www.tainan.gov.tw/tn/agr/tnpage.asp?id=AC0F8351-F95A-4950-B366-E6AE4E3F1354
http://www.tainan.gov.tw/tn/tainan/warehouse/{85575029-58A5-4A2C-90E2-87E6327C6496}/永康區鹽行天后宮遶境路關表1050417(1).pdf,http://www.tainan.gov.tw/tn/agr/tnpage.asp?id=AC0F8351-F95A-4950-B366-E6AE4E3F1354
http://www.tainan.gov.tw/tn/tainan/warehouse/{85575029-58A5-4A2C-90E2-87E6327C6496}/永康區鹽行天后宮遶境路關圖1050417(1).pdf,http://www.tainan.gov.tw/tn/agr/tnpage.asp?id=AC0F8351-F95A-4950-B366-E6AE4E3F1354
http://www.tainan.gov.tw/tn/tainan/warehouse/{85575029-58A5-4A2C-90E2-87E6327C6496}/佳里天后宮遶境路關表1050423.pdf,http://www.tainan.gov.tw/tn/agr/tnpage.asp?id=AC0F8351-F95A-4950-B366-E6AE4E3F1354
http://www.tainan.gov.tw/tn/tainan/warehouse/{85575029-58A5-4A2C-90E2-87E6327C6496}/永康區鹽行天后宮遶境路關圖1050417.pdf,http://www.tainan.gov.tw/tn/agr/tnpage.asp?id=5670767B-E3A9-411B-87A7-C48D037FACAA
http://www.tainan.gov.tw/tn/tainan/warehouse/{85575029-58A5-4A2C-90E2-87E6327C6496}/永康區鹽行天后宮遶境路關表1050417.pdf,http://www.tainan.gov.tw/tn/agr/tnpage.asp?id=5670767B-E3A9-411B-87A7-C48D037FACAA
http://www.tainan.gov.tw/tn/tainan/warehouse/{85575029-58A5-4A2C-90E2-87E6327C6496}/永康區鹽行天后宮遶境路關圖1050416.pdf,http://www.tainan.gov.tw/tn/agr/tnpage.asp?id=5670767B-E3A9-411B-87A7-C48D037FACAA
http://www.tainan.gov.tw/tn/tainan/warehouse/{85575029-58A5-4A2C-90E2-87E6327C6496}/永康區鹽行天后宮遶境路關表1050416.pdf,http://www.tainan.gov.tw/tn/agr/tnpage.asp?id=5670767B-E3A9-411B-87A7-C48D037FACAA
http://www.tainan.gov.tw/tn/tainan/warehouse/{85575029-58A5-4A2C-90E2-87E6327C6496}/下營上帝廟遶境路關圖1050409及1050410(1).pdf,http://www.tainan.gov.tw/tn/agr/tnpage.asp?id=5670767B-E3A9-411B-87A7-C48D037FACAA
http://www.tainan.gov.tw/tn/tainan/warehouse/{85575029-58A5-4A2C-90E2-87E6327C6496}/安南區什三佃慶興宮遶境路關表1050402(1).pdf,http://www.tainan.gov.tw/tn/agr/tnpage.asp?id=D90BC46A-9312-4355-A512-9C2D40D7B15B
http://www.tainan.gov.tw/tn/tainan/warehouse/{85575029-58A5-4A2C-90E2-87E6327C6496}/中西區集福宮遶境路關表1050403.pdf,http://www.tainan.gov.tw/tn/agr/tnpage.asp?id=D90BC46A-9312-4355-A512-9C2D40D7B15B
http://www.tainan.gov.tw/tn/tainan/warehouse/{85575029-58A5-4A2C-90E2-87E6327C6496}/安南區守義堂遶境路關表1050403.pdf,http://www.tainan.gov.tw/tn/agr/tnpage.asp?id=D90BC46A-9312-4355-A512-9C2D40D7B15B
http://www.tainan.gov.tw/tn/tainan/warehouse/{85575029-58A5-4A2C-90E2-87E6327C6496}/下營上帝廟遶境路關圖1050409及1050410.pdf,http://www.tainan.gov.tw/tn/agr/tnpage.asp?id=D90BC46A-9312-4355-A512-9C2D40D7B15B
http://www.tainan.gov.tw/tn/tainan/warehouse/{85575029-58A5-4A2C-90E2-87E6327C6496}/安南區什三佃慶興宮遶境路關表1050402.pdf,http://www.tainan.gov.tw/tn/agr/tnpage.asp?id=00C2D703-458C-4CD9-864E-370FBFD2AB45
http://www.tainan.gov.tw/tn/tainan/warehouse/{85575029-58A5-4A2C-90E2-87E6327C6496}/永康大灣評周公廟遶境路線圖1050327(1).pdf,http://www.tainan.gov.tw/tn/agr/tnpage.asp?id=00C2D703-458C-4CD9-864E-370FBFD2AB45
http://www.tainan.gov.tw/tn/tainan/warehouse/{85575029-58A5-4A2C-90E2-87E6327C6496}/新營區廣濟宮1050320及護鎮保安宮1050323遶境路線圖.pdf,http://www.tainan.gov.tw/tn/agr/tnpage.asp?id=7E7A29CC-1286-4683-84EE-274131BAD5D2
http://www.tainan.gov.tw/tn/tainan/warehouse/{85575029-58A5-4A2C-90E2-87E6327C6496}/六甲區菁埔寮代天府遶境路線1050320(1).pdf,http://www.tainan.gov.tw/tn/agr/tnpage.asp?id=7E7A29CC-1286-4683-84EE-274131BAD5D2
http://www.tainan.gov.tw/tn/tainan/warehouse/{85575029-58A5-4A2C-90E2-87E6327C6496}/北區和善堂遶境路關表1050320(2).pdf,http://www.tainan.gov.tw/tn/agr/tnpage.asp?id=7E7A29CC-1286-4683-84EE-274131BAD5D2
http://www.tainan.gov.tw/tn/tainan/warehouse/{85575029-58A5-4A2C-90E2-87E6327C6496}/北區和善堂遶境路關表1050320(1).pdf,http://www.tainan.gov.tw/tn/agr/tnpage.asp?id=77364F4E-55D9-4644-B68B-B5F27756E2C0
http://www.tainan.gov.tw/tn/tainan/warehouse/{85575029-58A5-4A2C-90E2-87E6327C6496}/六甲區菁埔寮代天府遶境路線1050320.pdf,http://www.tainan.gov.tw/tn/agr/tnpage.asp?id=77364F4E-55D9-4644-B68B-B5F27756E2C0
http://www.tainan.gov.tw/tn/tainan/warehouse/{85575029-58A5-4A2C-90E2-87E6327C6496}/南區濟保宮遶境路線1050313.pdf,http://www.tainan.gov.tw/tn/agr/tnpage.asp?id=77364F4E-55D9-4644-B68B-B5F27756E2C0
http://www.tainan.gov.tw/tn/tainan/warehouse/{85575029-58A5-4A2C-90E2-87E6327C6496}/北區和善堂遶境路關表1050320.pdf,http://www.tainan.gov.tw/tn/agr/tnpage.asp?id=E130D5F2-61A0-43CA-B3A5-F11509E8DD99
http://www.tainan.gov.tw/tn/tainan/warehouse/{85575029-58A5-4A2C-90E2-87E6327C6496}/大埔福德祠遶境路關表1050228(1).pdf,http://www.tainan.gov.tw/tn/agr/tnpage.asp?id=3496CBBE-8E39-4BA8-A93C-4C6BB1D1AEC2
http://www.tainan.gov.tw/tn/tainan/warehouse/{85575029-58A5-4A2C-90E2-87E6327C6496}/新營延平郡王府遶境路線表1050220(1).pdf,http://www.tainan.gov.tw/tn/agr/tnpage.asp?id=A87CE357-2330-466A-B260-CE1A252ADEBE
http://www.tainan.gov.tw/tn/tainan/warehouse/{85575029-58A5-4A2C-90E2-87E6327C6496}/六甲媽祖廟遶境路關表1050221(1).pdf,http://www.tainan.gov.tw/tn/agr/tnpage.asp?id=A87CE357-2330-466A-B260-CE1A252ADEBE
http://www.tainan.gov.tw/tn/tainan/warehouse/{85575029-58A5-4A2C-90E2-87E6327C6496}/北區董家繞境路關1050221(1).pdf,http://www.tainan.gov.tw/tn/agr/tnpage.asp?id=A87CE357-2330-466A-B260-CE1A252ADEBE
http://www.tainan.gov.tw/tn/tainan/warehouse/{85575029-58A5-4A2C-90E2-87E6327C6496}/新市區新店角清保宮1050222.pdf,http://www.tainan.gov.tw/tn/agr/tnpage.asp?id=A87CE357-2330-466A-B260-CE1A252ADEBE
http://www.tainan.gov.tw/tn/tainan/warehouse/{85575029-58A5-4A2C-90E2-87E6327C6496}/新市永安宮遶境圖1050222(1).pdf,http://www.tainan.gov.tw/tn/agr/tnpage.asp?id=A87CE357-2330-466A-B260-CE1A252ADEBE
http://www.tainan.gov.tw/tn/tainan/warehouse/{85575029-58A5-4A2C-90E2-87E6327C6496}/大埔福德祠遶境路關表1050228.pdf,http://www.tainan.gov.tw/tn/agr/tnpage.asp?id=A87CE357-2330-466A-B260-CE1A252ADEBE
http://www.tainan.gov.tw/tn/tainan/warehouse/{85575029-58A5-4A2C-90E2-87E6327C6496}/新營延平郡王府遶境路線表1050220.pdf,http://www.tainan.gov.tw/tn/agr/tnpage.asp?id=1DD6A10F-61D9-4C83-9B94-FEBB8255EC04
http://www.tainan.gov.tw/tn/tainan/warehouse/{85575029-58A5-4A2C-90E2-87E6327C6496}/六甲區五甲龍鳳寺1050212.pdf,http://www.tainan.gov.tw/tn/agr/tnpage.asp?id=1DD6A10F-61D9-4C83-9B94-FEBB8255EC04
http://www.tainan.gov.tw/tn/tainan/warehouse/{85575029-58A5-4A2C-90E2-87E6327C6496}/新市區大洲聖帝殿遶境圖1050214.pdf,http://www.tainan.gov.tw/tn/agr/tnpage.asp?id=1DD6A10F-61D9-4C83-9B94-FEBB8255EC04
http://www.tainan.gov.tw/tn/tainan/warehouse/{85575029-58A5-4A2C-90E2-87E6327C6496}/麻豆太子宮路線圖1050210(1).pdf,http://www.tainan.gov.tw/tn/agr/tnpage.asp?id=1DD6A10F-61D9-4C83-9B94-FEBB8255EC04
http://www.tainan.gov.tw/tn/tainan/warehouse/{85575029-58A5-4A2C-90E2-87E6327C6496}/北區董家繞境路關1050221(2).pdf,http://www.tainan.gov.tw/tn/agr/tnpage.asp?id=1DD6A10F-61D9-4C83-9B94-FEBB8255EC04
"http://www.tainan.gov.tw/tn/tainan/warehouse/{85575029-58A5-4A2C-90E2-87E6327C6496}/新市區新和清保宮遶境圖 1050222.pdf",http://www.tainan.gov.tw/tn/agr/tnpage.asp?id=1DD6A10F-61D9-4C83-9B94-FEBB8255EC04
http://www.tainan.gov.tw/tn/tainan/warehouse/{85575029-58A5-4A2C-90E2-87E6327C6496}/新市永安宮遶境圖1050222.pdf,http://www.tainan.gov.tw/tn/agr/tnpage.asp?id=1DD6A10F-61D9-4C83-9B94-FEBB8255EC04
http://www.tainan.gov.tw/tn/tainan/warehouse/{85575029-58A5-4A2C-90E2-87E6327C6496}/六甲媽祖廟遶境路關表1050221.pdf,http://www.tainan.gov.tw/tn/agr/tnpage.asp?id=1DD6A10F-61D9-4C83-9B94-FEBB8255EC04
http://www.tainan.gov.tw/tn/tainan/warehouse/{85575029-58A5-4A2C-90E2-87E6327C6496}/北區董家繞境路關1050221.pdf,http://www.tainan.gov.tw/tn/agr/tnpage.asp?id=B33E25C1-42AF-428A-84A8-29E5A6E7085F
http://www.tainan.gov.tw/tn/tainan/warehouse/{85575029-58A5-4A2C-90E2-87E6327C6496}/麻豆太子宮路線圖1050210.pdf,http://www.tainan.gov.tw/tn/agr/tnpage.asp?id=B33E25C1-42AF-428A-84A8-29E5A6E7085F
http://www.tainan.gov.tw/tn/tainan/warehouse/{85575029-58A5-4A2C-90E2-87E6327C6496}/永康區開天宮遶境路線圖1050124.pdf,http://www.tainan.gov.tw/tn/agr/tnpage.asp?id=36AC74C5-40CC-4981-8158-558EA59164DA
http://www.tainan.gov.tw/tn/tainan/warehouse/{85575029-58A5-4A2C-90E2-87E6327C6496}/北區勝安宮繞境路關表1050117(1).pdf,http://www.tainan.gov.tw/tn/agr/tnpage.asp?id=BD9D93FB-04D2-4C39-9A31-B36934EE7590
http://www.tainan.gov.tw/tn/tainan/warehouse/{85575029-58A5-4A2C-90E2-87E6327C6496}/北區勝安宮繞境路關表1050117.pdf,http://www.tainan.gov.tw/tn/agr/tnpage.asp?id=820E9542-E18A-412E-9C78-CBC6D9EAD6C5
http://www.tainan.gov.tw/tn/tainan/warehouse/{85575029-58A5-4A2C-90E2-87E6327C6496}/北區代天府鎮南宮遶境路關表1050110.pdf,http://www.tainan.gov.tw/tn/agr/tnpage.asp?id=820E9542-E18A-412E-9C78-CBC6D9EAD6C5
http://www.tainan.gov.tw/tn/tainan/warehouse/{85575029-58A5-4A2C-90E2-87E6327C6496}/安定區保安宮繞境路關表1041219(1).pdf,http://www.tainan.gov.tw/tn/agr/tnpage.asp?id=CDB4BEAF-91CF-4736-B8CE-3575A901FFC2
http://www.tainan.gov.tw/tn/tainan/warehouse/{85575029-58A5-4A2C-90E2-87E6327C6496}/安平區威鎮堂遶境案路關表1041220(1).pdf,http://www.tainan.gov.tw/tn/agr/tnpage.asp?id=CDB4BEAF-91CF-4736-B8CE-3575A901FFC2
http://www.tainan.gov.tw/tn/tainan/warehouse/{85575029-58A5-4A2C-90E2-87E6327C6496}/仁德區保生宮活動明細表(3).pdf,http://www.tainan.gov.tw/tn/agr/tnpage.asp?id=CDB4BEAF-91CF-4736-B8CE-3575A901FFC2
http://www.tainan.gov.tw/tn/tainan/warehouse/{85575029-58A5-4A2C-90E2-87E6327C6496}/仁德區保生宮路關圖1041221(3).pdf,http://www.tainan.gov.tw/tn/agr/tnpage.asp?id=CDB4BEAF-91CF-4736-B8CE-3575A901FFC2
http://www.tainan.gov.tw/tn/tainan/warehouse/{85575029-58A5-4A2C-90E2-87E6327C6496}/東區前甲顯明殿繞境路關表1041213.pdf,http://www.tainan.gov.tw/tn/agr/tnpage.asp?id=146A3069-F1CB-4A45-A0E4-7EE1C699DD4B
http://www.tainan.gov.tw/tn/tainan/warehouse/{85575029-58A5-4A2C-90E2-87E6327C6496}/安定區保安宮繞境路關表1041219.pdf,http://www.tainan.gov.tw/tn/agr/tnpage.asp?id=146A3069-F1CB-4A45-A0E4-7EE1C699DD4B
http://www.tainan.gov.tw/tn/tainan/warehouse/{85575029-58A5-4A2C-90E2-87E6327C6496}/安平區威鎮堂遶境案路關表1041220.pdf,http://www.tainan.gov.tw/tn/agr/tnpage.asp?id=146A3069-F1CB-4A45-A0E4-7EE1C699DD4B
http://www.tainan.gov.tw/tn/tainan/warehouse/{85575029-58A5-4A2C-90E2-87E6327C6496}/仁德區保生宮活動明細表(2).pdf,http://www.tainan.gov.tw/tn/agr/tnpage.asp?id=146A3069-F1CB-4A45-A0E4-7EE1C699DD4B
http://www.tainan.gov.tw/tn/tainan/warehouse/{85575029-58A5-4A2C-90E2-87E6327C6496}/仁德區保生宮路關圖1041221(2).pdf,http://www.tainan.gov.tw/tn/agr/tnpage.asp?id=146A3069-F1CB-4A45-A0E4-7EE1C699DD4B
http://www.tainan.gov.tw/tn/tainan/warehouse/{85575029-58A5-4A2C-90E2-87E6327C6496}/安平區威鎮堂遶境案路關表1041206.pdf,http://www.tainan.gov.tw/tn/agr/tnpage.asp?id=2ACF2660-7FE6-4D9E-A30D-12CD6EC826FE
http://www.tainan.gov.tw/tn/tainan/warehouse/{85575029-58A5-4A2C-90E2-87E6327C6496}/仁德區保生宮路關圖1041221(1).pdf,http://www.tainan.gov.tw/tn/agr/tnpage.asp?id=2ACF2660-7FE6-4D9E-A30D-12CD6EC826FE
http://www.tainan.gov.tw/tn/tainan/warehouse/{85575029-58A5-4A2C-90E2-87E6327C6496}/清王宮路關圖及車輛管制圖1041204(1).pdf,http://www.tainan.gov.tw/tn/agr/tnpage.asp?id=2ACF2660-7FE6-4D9E-A30D-12CD6EC826FE
http://www.tainan.gov.tw/tn/tainan/warehouse/{85575029-58A5-4A2C-90E2-87E6327C6496}/仁德區保生宮活動明細表(1).pdf,http://www.tainan.gov.tw/tn/agr/tnpage.asp?id=2ACF2660-7FE6-4D9E-A30D-12CD6EC826FE
http://www.tainan.gov.tw/tn/tainan/warehouse/{85575029-58A5-4A2C-90E2-87E6327C6496}/仁德區清王宮活動明細表(1).pdf,http://www.tainan.gov.tw/tn/agr/tnpage.asp?id=2ACF2660-7FE6-4D9E-A30D-12CD6EC826FE
http://www.tainan.gov.tw/tn/tainan/warehouse/{85575029-58A5-4A2C-90E2-87E6327C6496}/仁德區保生宮活動明細表.pdf,http://www.tainan.gov.tw/tn/agr/tnpage.asp?id=7F435D24-3E8A-4F78-A731-57384C8D1B7E
http://www.tainan.gov.tw/tn/tainan/warehouse/{85575029-58A5-4A2C-90E2-87E6327C6496}/仁德區保生宮路關圖1041221.pdf,http://www.tainan.gov.tw/tn/agr/tnpage.asp?id=7F435D24-3E8A-4F78-A731-57384C8D1B7E
http://www.tainan.gov.tw/tn/tainan/warehouse/{85575029-58A5-4A2C-90E2-87E6327C6496}/仁德區清王宮活動明細表.pdf,http://www.tainan.gov.tw/tn/agr/tnpage.asp?id=7F435D24-3E8A-4F78-A731-57384C8D1B7E
http://www.tainan.gov.tw/tn/tainan/warehouse/{85575029-58A5-4A2C-90E2-87E6327C6496}/清王宮路關圖及車輛管制圖1041204.pdf,http://www.tainan.gov.tw/tn/agr/tnpage.asp?id=7F435D24-3E8A-4F78-A731-57384C8D1B7E
http://www.tainan.gov.tw/tn/tainan/warehouse/{85575029-58A5-4A2C-90E2-87E6327C6496}/佳里區慈聖宮11-22繞境路關表.pdf,http://www.tainan.gov.tw/tn/agr/tnpage.asp?id=11615ADC-38EB-44CF-AB07-51C16E1F990D
http://www.tainan.gov.tw/tn/tainan/warehouse/{85575029-58A5-4A2C-90E2-87E6327C6496}/北區文靈宮遶境路關表1041122.pdf,http://www.tainan.gov.tw/tn/agr/tnpage.asp?id=11615ADC-38EB-44CF-AB07-51C16E1F990D
http://www.tainan.gov.tw/tn/tainan/warehouse/{85575029-58A5-4A2C-90E2-87E6327C6496}/北區元和宮遶境路關表1041108.pdf,http://www.tainan.gov.tw/tn/agr/tnpage.asp?id=FE3227D6-A2BB-4302-9CF4-2837B29F3A55
http://www.tainan.gov.tw/tn/tainan/warehouse/{85575029-58A5-4A2C-90E2-87E6327C6496}/七股區頂山代天府遶境路關圖10410224.pdf,http://www.tainan.gov.tw/tn/agr/tnpage.asp?id=D53AF288-13A5-4F28-8BD0-74117933EC26
http://www.tainan.gov.tw/tn/tainan/warehouse/{85575029-58A5-4A2C-90E2-87E6327C6496}/中西區大天后宮遶境路線圖1041023-1(1).pdf,http://www.tainan.gov.tw/tn/agr/tnpage.asp?id=D53AF288-13A5-4F28-8BD0-74117933EC26
http://www.tainan.gov.tw/tn/tainan/warehouse/{85575029-58A5-4A2C-90E2-87E6327C6496}/中西區大天后宮遶境路線圖1041023(1).pdf,http://www.tainan.gov.tw/tn/agr/tnpage.asp?id=D53AF288-13A5-4F28-8BD0-74117933EC26
http://www.tainan.gov.tw/tn/tainan/warehouse/{85575029-58A5-4A2C-90E2-87E6327C6496}/中西區大天后宮繞境路關表1041023(1).tif,http://www.tainan.gov.tw/tn/agr/tnpage.asp?id=D53AF288-13A5-4F28-8BD0-74117933EC26
http://www.tainan.gov.tw/tn/tainan/warehouse/{85575029-58A5-4A2C-90E2-87E6327C6496}/中西區大天后宮遶境路線圖1041023-1.pdf,http://www.tainan.gov.tw/tn/agr/tnpage.asp?id=3F1700B7-2142-438F-963F-EB3E65BD5B12
http://www.tainan.gov.tw/tn/tainan/warehouse/{85575029-58A5-4A2C-90E2-87E6327C6496}/中西區大天后宮遶境路線圖1041023.pdf,http://www.tainan.gov.tw/tn/agr/tnpage.asp?id=3F1700B7-2142-438F-963F-EB3E65BD5B12
http://www.tainan.gov.tw/tn/tainan/warehouse/{85575029-58A5-4A2C-90E2-87E6327C6496}/中西區大天后宮繞境路關表1041023.tif,http://www.tainan.gov.tw/tn/agr/tnpage.asp?id=3F1700B7-2142-438F-963F-EB3E65BD5B12
http://www.tainan.gov.tw/tn/tainan/warehouse/{85575029-58A5-4A2C-90E2-87E6327C6496}/新化區保生大帝廟遶境路關表1041016.pdf,http://www.tainan.gov.tw/tn/agr/tnpage.asp?id=3F1700B7-2142-438F-963F-EB3E65BD5B12
http://www.tainan.gov.tw/tn/tainan/warehouse/{85575029-58A5-4A2C-90E2-87E6327C6496}/六甲區保安宮廟會活動名細1041015-1041021(1).pdf,http://www.tainan.gov.tw/tn/agr/tnpage.asp?id=3F1700B7-2142-438F-963F-EB3E65BD5B12
http://www.tainan.gov.tw/tn/tainan/warehouse/{85575029-58A5-4A2C-90E2-87E6327C6496}/六甲區保安宮廟會活動名細1041015-1041021.pdf,http://www.tainan.gov.tw/tn/agr/tnpage.asp?id=59231791-D224-47B4-8A85-D3F029E7315A
http://www.tainan.gov.tw/tn/tainan/warehouse/{85575029-58A5-4A2C-90E2-87E6327C6496}/中西區聚宋宮遶境路關表1041003.tif,http://www.tainan.gov.tw/tn/agr/tnpage.asp?id=9B8A63F2-A220-42BB-9B37-AB808714081D
http://www.tainan.gov.tw/tn/tainan/warehouse/{85575029-58A5-4A2C-90E2-87E6327C6496}/保勝堂遶境路關表1041003.pdf,http://www.tainan.gov.tw/tn/agr/tnpage.asp?id=9B8A63F2-A220-42BB-9B37-AB808714081D
http://www.tainan.gov.tw/tn/tainan/warehouse/{85575029-58A5-4A2C-90E2-87E6327C6496}/奉玉旨台灣天狗熱攘瘟消災代天巡守祈安遶境.doc,http://www.tainan.gov.tw/tn/agr/tnpage.asp?id=CC3BDA7A-D4D4-4D61-BAAD-18F88E75E972
http://www.tainan.gov.tw/tn/tainan/warehouse/{85575029-58A5-4A2C-90E2-87E6327C6496}/安平區金龍宮繞境路關表1040919.pdf,http://www.tainan.gov.tw/tn/agr/tnpage.asp?id=6DFC8224-154D-487C-A676-A654A32FBB7D
http://www.tainan.gov.tw/tn/tainan/warehouse/{85575029-58A5-4A2C-90E2-87E6327C6496}/西羅殿(高雄苓雅寮保安堂)繞境路關表1040919.pdf,http://www.tainan.gov.tw/tn/agr/tnpage.asp?id=6DFC8224-154D-487C-A676-A654A32FBB7D
http://www.tainan.gov.tw/tn/tainan/warehouse/{85575029-58A5-4A2C-90E2-87E6327C6496}/安定區加曜物流繞境路關表1040920.pdf,http://www.tainan.gov.tw/tn/agr/tnpage.asp?id=6DFC8224-154D-487C-A676-A654A32FBB7D
http://www.tainan.gov.tw/tn/tainan/warehouse/{85575029-58A5-4A2C-90E2-87E6327C6496}/中双會繞境路關表1040919(1).pdf,http://www.tainan.gov.tw/tn/agr/tnpage.asp?id=6DFC8224-154D-487C-A676-A654A32FBB7D
http://www.tainan.gov.tw/tn/tainan/warehouse/{85575029-58A5-4A2C-90E2-87E6327C6496}/金龍宮繞境路關表1040919.pdf,http://www.tainan.gov.tw/tn/agr/tnpage.asp?id=C93A5E05-58C5-4BB9-BA00-060F0ED2ED4F
http://www.tainan.gov.tw/tn/tainan/warehouse/{85575029-58A5-4A2C-90E2-87E6327C6496}/中双會繞境路關表1040919.pdf,http://www.tainan.gov.tw/tn/agr/tnpage.asp?id=C93A5E05-58C5-4BB9-BA00-060F0ED2ED4F
http://www.tainan.gov.tw/tn/tainan/warehouse/{85575029-58A5-4A2C-90E2-87E6327C6496}/新營玉音壇慈音寺路關圖1040801(1).pdf,http://www.tainan.gov.tw/tn/agr/tnpage.asp?id=E62A9D99-A8D8-4A5A-AAE1-1BF180DD182A
http://www.tainan.gov.tw/tn/tainan/warehouse/{85575029-58A5-4A2C-90E2-87E6327C6496}/新營區太子路139巷102號遶境路線表1040726(1).pdf,http://www.tainan.gov.tw/tn/agr/tnpage.asp?id=891A01DC-D3FD-4A98-8F8E-95E7D412D767
http://www.tainan.gov.tw/tn/tainan/warehouse/{85575029-58A5-4A2C-90E2-87E6327C6496}/新營玉音壇慈音寺路關圖1040801.pdf,http://www.tainan.gov.tw/tn/agr/tnpage.asp?id=891A01DC-D3FD-4A98-8F8E-95E7D412D767
http://www.tainan.gov.tw/tn/tainan/warehouse/{85575029-58A5-4A2C-90E2-87E6327C6496}/新營區太子路139巷102號遶境路線表1040726.pdf,http://www.tainan.gov.tw/tn/agr/tnpage.asp?id=D8FC8C71-129D-4393-B7EB-AEEE6B4F05A8
http://www.tainan.gov.tw/tn/tainan/warehouse/{85575029-58A5-4A2C-90E2-87E6327C6496}/永康區大灣廣護宮遶境路線表1040718.pdf,http://www.tainan.gov.tw/tn/agr/tnpage.asp?id=D8FC8C71-129D-4393-B7EB-AEEE6B4F05A8
http://www.tainan.gov.tw/tn/tainan/warehouse/{85575029-58A5-4A2C-90E2-87E6327C6496}/中西區大天后宮遶境路關表1040627-1040705(1).pdf,http://www.tainan.gov.tw/tn/agr/tnpage.asp?id=EF0C3B96-CD02-48F8-BC72-E1FAD27668DA
http://www.tainan.gov.tw/tn/tainan/warehouse/{85575029-58A5-4A2C-90E2-87E6327C6496}/中西區大天后宮遶境路關表1040627-1040705.pdf,http://www.tainan.gov.tw/tn/agr/tnpage.asp?id=492C3A70-E0DA-4B10-8BD5-1F7C851862E9
http://www.tainan.gov.tw/tn/tainan/warehouse/{85575029-58A5-4A2C-90E2-87E6327C6496}/北區九天玄女壇繞境路關表1040614.pdf,http://www.tainan.gov.tw/tn/agr/tnpage.asp?id=EAE1B798-7FC2-4693-894C-0F5E839D4BA1
http://www.tainan.gov.tw/tn/tainan/warehouse/{85575029-58A5-4A2C-90E2-87E6327C6496}/中西區范靈堂繞境路關表1040614(1).pdf,http://www.tainan.gov.tw/tn/agr/tnpage.asp?id=EAE1B798-7FC2-4693-894C-0F5E839D4BA1
http://www.tainan.gov.tw/tn/tainan/warehouse/{85575029-58A5-4A2C-90E2-87E6327C6496}/中西區保安宮遶境路線圖1040606(1).pdf,http://www.tainan.gov.tw/tn/agr/tnpage.asp?id=DDA30B45-C22D-4963-9AB1-29259E22979F
http://www.tainan.gov.tw/tn/tainan/warehouse/{85575029-58A5-4A2C-90E2-87E6327C6496}/中西區范靈堂繞境路關表1040614.pdf,http://www.tainan.gov.tw/tn/agr/tnpage.asp?id=DDA30B45-C22D-4963-9AB1-29259E22979F
http://www.tainan.gov.tw/tn/tainan/warehouse/{85575029-58A5-4A2C-90E2-87E6327C6496}/中西區保安宮遶境路線圖1040606.pdf,http://www.tainan.gov.tw/tn/agr/tnpage.asp?id=280E62B7-804C-464A-A898-CBEAFFDFC041
http://www.tainan.gov.tw/tn/tainan/warehouse/{85575029-58A5-4A2C-90E2-87E6327C6496}/中西區集和堂遶境路關圖1040530-1040531.pdf,http://www.tainan.gov.tw/tn/agr/tnpage.asp?id=280E62B7-804C-464A-A898-CBEAFFDFC041
http://www.tainan.gov.tw/tn/tainan/warehouse/{85575029-58A5-4A2C-90E2-87E6327C6496}/西港慶安宮1040527-1040531(2).pdf,http://www.tainan.gov.tw/tn/agr/tnpage.asp?id=280E62B7-804C-464A-A898-CBEAFFDFC041
http://www.tainan.gov.tw/tn/tainan/warehouse/{85575029-58A5-4A2C-90E2-87E6327C6496}/西港慶安宮1040527-1040531(1).pdf,http://www.tainan.gov.tw/tn/agr/tnpage.asp?id=1B318B4B-6B6B-4CDC-959E-D50FE599D968
http://www.tainan.gov.tw/tn/tainan/warehouse/{85575029-58A5-4A2C-90E2-87E6327C6496}/麻豆代天府千歲遶境祈福活動路關圖1040515-1040517(1).pdf,http://www.tainan.gov.tw/tn/agr/tnpage.asp?id=54E481D1-6C03-4AB4-B334-6612F594B593
http://www.tainan.gov.tw/tn/tainan/warehouse/{85575029-58A5-4A2C-90E2-87E6327C6496}/北區巡安宮遶境路關圖1040517(1).pdf,http://www.tainan.gov.tw/tn/agr/tnpage.asp?id=54E481D1-6C03-4AB4-B334-6612F594B593
http://www.tainan.gov.tw/tn/tainan/warehouse/{85575029-58A5-4A2C-90E2-87E6327C6496}/西港慶安宮1040527-1040531.pdf,http://www.tainan.gov.tw/tn/agr/tnpage.asp?id=54E481D1-6C03-4AB4-B334-6612F594B593
http://www.tainan.gov.tw/tn/tainan/warehouse/{85575029-58A5-4A2C-90E2-87E6327C6496}/安平區王城西社藤南堂建堂20週年平安遶境路線圖1040510(1).pdf,http://www.tainan.gov.tw/tn/agr/tnpage.asp?id=86FC0310-51F5-4272-A7A5-FDF3036A6147
http://www.tainan.gov.tw/tn/tainan/warehouse/{85575029-58A5-4A2C-90E2-87E6327C6496}/麻豆代天府千歲遶境祈福活動路關圖1040515-1040517.pdf,http://www.tainan.gov.tw/tn/agr/tnpage.asp?id=86FC0310-51F5-4272-A7A5-FDF3036A6147
http://www.tainan.gov.tw/tn/tainan/warehouse/{85575029-58A5-4A2C-90E2-87E6327C6496}/北區巡安宮遶境路關圖1040517.pdf,http://www.tainan.gov.tw/tn/agr/tnpage.asp?id=86FC0310-51F5-4272-A7A5-FDF3036A6147
http://www.tainan.gov.tw/tn/tainan/warehouse/{85575029-58A5-4A2C-90E2-87E6327C6496}/善化區慶濟宮路關表1040501-0502(1).pdf,http://www.tainan.gov.tw/tn/agr/tnpage.asp?id=324570F1-830F-4FCB-A2D2-8F2BC90965CA
http://www.tainan.gov.tw/tn/tainan/warehouse/{85575029-58A5-4A2C-90E2-87E6327C6496}/安南區正統鹿耳門聖母廟遶境路線圖1040501-1040503.pdf,http://www.tainan.gov.tw/tn/agr/tnpage.asp?id=324570F1-830F-4FCB-A2D2-8F2BC90965CA
http://www.tainan.gov.tw/tn/tainan/warehouse/{85575029-58A5-4A2C-90E2-87E6327C6496}/北區文靈宮遶境路關表1040502.pdf,http://www.tainan.gov.tw/tn/agr/tnpage.asp?id=324570F1-830F-4FCB-A2D2-8F2BC90965CA
http://www.tainan.gov.tw/tn/tainan/warehouse/{85575029-58A5-4A2C-90E2-87E6327C6496}/安定區-長興宮遶境路線圖1040502-1040503.pdf,http://www.tainan.gov.tw/tn/agr/tnpage.asp?id=324570F1-830F-4FCB-A2D2-8F2BC90965CA
http://www.tainan.gov.tw/tn/tainan/warehouse/{85575029-58A5-4A2C-90E2-87E6327C6496}/新營區太北里4-20號遶境路線圖1040503.pdf,http://www.tainan.gov.tw/tn/agr/tnpage.asp?id=324570F1-830F-4FCB-A2D2-8F2BC90965CA
http://www.tainan.gov.tw/tn/tainan/warehouse/{85575029-58A5-4A2C-90E2-87E6327C6496}/安平區王城西社藤南堂建堂20週年平安遶境路線圖1040510.pdf,http://www.tainan.gov.tw/tn/agr/tnpage.asp?id=324570F1-830F-4FCB-A2D2-8F2BC90965CA
http://www.tainan.gov.tw/tn/tainan/warehouse/{85575029-58A5-4A2C-90E2-87E6327C6496}/順天宮遶境路關表1040425(2).pdf,http://www.tainan.gov.tw/tn/agr/tnpage.asp?id=3EFD94A8-F991-426E-9706-2038F31B1C10
http://www.tainan.gov.tw/tn/tainan/warehouse/{85575029-58A5-4A2C-90E2-87E6327C6496}/善化區慶濟宮路關表1040501-0502.pdf,http://www.tainan.gov.tw/tn/agr/tnpage.asp?id=3EFD94A8-F991-426E-9706-2038F31B1C10
http://www.tainan.gov.tw/tn/tainan/warehouse/{85575029-58A5-4A2C-90E2-87E6327C6496}/104.05.02正統鹿耳門聖母廟遶境路線圖.pdf,http://www.tainan.gov.tw/tn/agr/tnpage.asp?id=3EFD94A8-F991-426E-9706-2038F31B1C10
http://www.tainan.gov.tw/tn/tainan/warehouse/{85575029-58A5-4A2C-90E2-87E6327C6496}/104.05.10王城西社藤南堂建堂20週年平安遶境路線圖.pdf,http://www.tainan.gov.tw/tn/agr/tnpage.asp?id=3EFD94A8-F991-426E-9706-2038F31B1C10
http://www.tainan.gov.tw/tn/tainan/warehouse/{85575029-58A5-4A2C-90E2-87E6327C6496}/順天宮遶境路關表1040425(1).pdf,http://www.tainan.gov.tw/tn/agr/tnpage.asp?id=721DABC9-D27F-4177-A89F-FA66CFE49C10
http://www.tainan.gov.tw/tn/tainan/warehouse/{85575029-58A5-4A2C-90E2-87E6327C6496}/安定區北玄宫遶境行程表1040418(1).pdf,http://www.tainan.gov.tw/tn/agr/tnpage.asp?id=721DABC9-D27F-4177-A89F-FA66CFE49C10
http://www.tainan.gov.tw/tn/tainan/warehouse/{85575029-58A5-4A2C-90E2-87E6327C6496}/新營區同濟宮開漳聖王聖誕恭迎媽祖遶境大典路關表1040401(1).pdf,http://www.tainan.gov.tw/tn/agr/tnpage.asp?id=7E196E80-DD93-4EC3-8C28-4C20FD6E78C5
http://www.tainan.gov.tw/tn/tainan/warehouse/{85575029-58A5-4A2C-90E2-87E6327C6496}/安定區-蘇厝第一代天府真護宮遶境路線圖1040402(1).pdf,http://www.tainan.gov.tw/tn/agr/tnpage.asp?id=7E196E80-DD93-4EC3-8C28-4C20FD6E78C5
http://www.tainan.gov.tw/tn/tainan/warehouse/{85575029-58A5-4A2C-90E2-87E6327C6496}/麻豆天后宮遶境路線圖1040405.pdf,http://www.tainan.gov.tw/tn/agr/tnpage.asp?id=7E196E80-DD93-4EC3-8C28-4C20FD6E78C5
http://www.tainan.gov.tw/tn/tainan/warehouse/{85575029-58A5-4A2C-90E2-87E6327C6496}/北區慈雲寺-大崗山超峰寺謁祖回鑾遶境路關表1040329.pdf,http://www.tainan.gov.tw/tn/agr/tnpage.asp?id=FD4A1277-E488-41C7-A9FB-3D079B4CA2EC
http://www.tainan.gov.tw/tn/tainan/warehouse/{85575029-58A5-4A2C-90E2-87E6327C6496}/善化區胡厝寮代天府遶境路線圖1040329.pdf,http://www.tainan.gov.tw/tn/agr/tnpage.asp?id=FD4A1277-E488-41C7-A9FB-3D079B4CA2EC
http://www.tainan.gov.tw/tn/tainan/warehouse/{85575029-58A5-4A2C-90E2-87E6327C6496}/佳里佛天宮遶境路線圖1040329(1).docx,http://www.tainan.gov.tw/tn/agr/tnpage.asp?id=FD4A1277-E488-41C7-A9FB-3D079B4CA2EC
http://www.tainan.gov.tw/tn/tainan/warehouse/{85575029-58A5-4A2C-90E2-87E6327C6496}/新營區同濟宮開漳聖王聖誕恭迎媽祖遶境大典路關表1040401.pdf,http://www.tainan.gov.tw/tn/agr/tnpage.asp?id=FD4A1277-E488-41C7-A9FB-3D079B4CA2EC
http://www.tainan.gov.tw/tn/tainan/warehouse/{85575029-58A5-4A2C-90E2-87E6327C6496}/安定區-蘇厝第一代天府真護宮遶境路線圖1040402.pdf,http://www.tainan.gov.tw/tn/agr/tnpage.asp?id=FD4A1277-E488-41C7-A9FB-3D079B4CA2EC
http://www.tainan.gov.tw/tn/tainan/warehouse/{85575029-58A5-4A2C-90E2-87E6327C6496}/佳里佛天宮遶境路線圖1040329.docx,http://www.tainan.gov.tw/tn/agr/tnpage.asp?id=BABE5441-9329-4E92-8732-8013CF08EAEB
http://www.tainan.gov.tw/tn/tainan/warehouse/{85575029-58A5-4A2C-90E2-87E6327C6496}/第8屆閩臺順天聖母陳靖姑民俗宗教文化祭遶境行程時間表.pdf,http://www.tainan.gov.tw/tn/agr/tnpage.asp?id=9CE8A291-457F-4B45-8CF1-A3445C1F5A9B
http://www.tainan.gov.tw/tn/tainan/warehouse/{85575029-58A5-4A2C-90E2-87E6327C6496}/六合境大埔福德祠遶境路關圖1040315(1).pdf,http://www.tainan.gov.tw/tn/agr/tnpage.asp?id=9CE8A291-457F-4B45-8CF1-A3445C1F5A9B
http://www.tainan.gov.tw/tn/tainan/warehouse/{85575029-58A5-4A2C-90E2-87E6327C6496}/2015大目降十八嬈民俗活動遶境路關表.doc,http://www.tainan.gov.tw/tn/agr/tnpage.asp?id=B68C0AC7-8B82-4E82-843B-859E56A19C9D
http://www.tainan.gov.tw/tn/tainan/warehouse/{85575029-58A5-4A2C-90E2-87E6327C6496}/新化-2015大目降十八嬈民俗活動遶境路線圖1040308.pdf,http://www.tainan.gov.tw/tn/agr/tnpage.asp?id=B68C0AC7-8B82-4E82-843B-859E56A19C9D
http://www.tainan.gov.tw/tn/tainan/warehouse/{85575029-58A5-4A2C-90E2-87E6327C6496}/臺南市玉泉寺武聖殿遶境圖1040307.pdf,http://www.tainan.gov.tw/tn/agr/tnpage.asp?id=B68C0AC7-8B82-4E82-843B-859E56A19C9D
http://www.tainan.gov.tw/tn/tainan/warehouse/{85575029-58A5-4A2C-90E2-87E6327C6496}/臺南市玉泉寺武聖殿遶境圖1040308.pdf,http://www.tainan.gov.tw/tn/agr/tnpage.asp?id=B68C0AC7-8B82-4E82-843B-859E56A19C9D
http://www.tainan.gov.tw/tn/tainan/warehouse/{85575029-58A5-4A2C-90E2-87E6327C6496}/西羅殿遶境路關圖1040308.pdf,http://www.tainan.gov.tw/tn/agr/tnpage.asp?id=B68C0AC7-8B82-4E82-843B-859E56A19C9D
http://www.tainan.gov.tw/tn/tainan/warehouse/{85575029-58A5-4A2C-90E2-87E6327C6496}/六合境大埔福德祠遶境路關圖1040315.pdf,http://www.tainan.gov.tw/tn/agr/tnpage.asp?id=B68C0AC7-8B82-4E82-843B-859E56A19C9D
http://www.tainan.gov.tw/tn/tainan/warehouse/{85575029-58A5-4A2C-90E2-87E6327C6496}/麻豆文衡殿關帝廟遶境路線1040305.pdf,http://www.tainan.gov.tw/tn/agr/tnpage.asp?id=B68C0AC7-8B82-4E82-843B-859E56A19C9D
http://www.tainan.gov.tw/tn/tainan/warehouse/{85575029-58A5-4A2C-90E2-87E6327C6496}/新營區延平郡王府遶境路線1040228(1).pdf,http://www.tainan.gov.tw/tn/agr/tnpage.asp?id=B2398EA0-9A73-4A22-A677-6D9DBC92DC6E
http://www.tainan.gov.tw/tn/tainan/warehouse/{85575029-58A5-4A2C-90E2-87E6327C6496}/新營區南天宮遶境路關圖1040301(1).pdf,http://www.tainan.gov.tw/tn/agr/tnpage.asp?id=B2398EA0-9A73-4A22-A677-6D9DBC92DC6E
http://www.tainan.gov.tw/tn/tainan/warehouse/{85575029-58A5-4A2C-90E2-87E6327C6496}/新營區延平郡王府遶境路線1040228.pdf,http://www.tainan.gov.tw/tn/agr/tnpage.asp?id=B9EC68E0-F149-4BCB-9489-BE8C52FE5FAE
http://www.tainan.gov.tw/tn/tainan/warehouse/{85575029-58A5-4A2C-90E2-87E6327C6496}/新營區南天宮遶境路關圖1040301.pdf,http://www.tainan.gov.tw/tn/agr/tnpage.asp?id=B9EC68E0-F149-4BCB-9489-BE8C52FE5FAE
http://www.tainan.gov.tw/tn/tainan/warehouse/{85575029-58A5-4A2C-90E2-87E6327C6496}/中西區南廠武英殿路關表1040118.pdf,http://www.tainan.gov.tw/tn/agr/tnpage.asp?id=87413B71-50D5-4911-9987-8E1BF95E2114
http://www.tainan.gov.tw/tn/tainan/warehouse/{85575029-58A5-4A2C-90E2-87E6327C6496}/中西區海安宮遶境路關表1031221.pdf,http://www.tainan.gov.tw/tn/agr/tnpage.asp?id=5FD3EE73-83D0-44C9-949C-FCA7E4FD8AB2
http://www.tainan.gov.tw/tn/tainan/warehouse/{85575029-58A5-4A2C-90E2-87E6327C6496}/南區玉旨鼎濟堂遶境路關圖1031207.pdf,http://www.tainan.gov.tw/tn/agr/tnpage.asp?id=C3A08623-35B5-41E8-B9F2-2DC4A69FA323
http://www.tainan.gov.tw/tn/tainan/warehouse/{85575029-58A5-4A2C-90E2-87E6327C6496}/中西區海安宮建醮大典科儀表1031104-1031221.pdf,http://www.tainan.gov.tw/tn/agr/tnpage.asp?id=BDE797B3-0D7A-49AF-BF9F-1B3052882BE0
http://www.tainan.gov.tw/tn/tainan/warehouse/{85575029-58A5-4A2C-90E2-87E6327C6496}/東區南天府遶境路線1031123.pdf,http://www.tainan.gov.tw/tn/agr/tnpage.asp?id=BDE797B3-0D7A-49AF-BF9F-1B3052882BE0
http://www.tainan.gov.tw/tn/tainan/warehouse/{85575029-58A5-4A2C-90E2-87E6327C6496}/麻豆區三元宮1031116遶境路線.pdf,http://www.tainan.gov.tw/tn/agr/tnpage.asp?id=A9677976-A724-44AB-BB0C-F9E31CCCEC8D
http://www.tainan.gov.tw/tn/tainan/warehouse/{85575029-58A5-4A2C-90E2-87E6327C6496}/南鯤鯓及良皇宮遶境路線1031101(1).pdf,http://www.tainan.gov.tw/tn/agr/tnpage.asp?id=62CD444E-0CB4-4221-AF44-6B9A536CE204
http://www.tainan.gov.tw/tn/tainan/warehouse/{85575029-58A5-4A2C-90E2-87E6327C6496}/南鯤鯓及良皇宮遶境路線地圖1031101(1).pdf,http://www.tainan.gov.tw/tn/agr/tnpage.asp?id=62CD444E-0CB4-4221-AF44-6B9A536CE204
http://www.tainan.gov.tw/tn/tainan/warehouse/{85575029-58A5-4A2C-90E2-87E6327C6496}/南鯤鯓及良皇宮遶境路線1031101.pdf,http://www.tainan.gov.tw/tn/agr/tnpage.asp?id=8DBBDA9F-E8AE-4838-A908-387AD1B2B09A
http://www.tainan.gov.tw/tn/tainan/warehouse/{85575029-58A5-4A2C-90E2-87E6327C6496}/南鯤鯓及良皇宮遶境路線地圖1031101.pdf,http://www.tainan.gov.tw/tn/agr/tnpage.asp?id=8DBBDA9F-E8AE-4838-A908-387AD1B2B09A
http://www.tainan.gov.tw/tn/tainan/warehouse/{85575029-58A5-4A2C-90E2-87E6327C6496}/臺南市寺廟廟會活動明細表(103年1月18日～103年2月18日).doc,http://www.tainan.gov.tw/tn/agr/tnpage.asp?id=FE19D94B-FEDC-4BA8-BEB9-FB4A969CF83C
http://www.tainan.gov.tw/tn/tainan/warehouse/{85575029-58A5-4A2C-90E2-87E6327C6496}/臺南市寺廟廟會活動明細表(102年12月13日～12月22日).doc,http://www.tainan.gov.tw/tn/agr/tnpage.asp?id=5983965B-B085-4407-86A3-BF7762B4BB21
http://www.tainan.gov.tw/tn/tainan/warehouse/{85575029-58A5-4A2C-90E2-87E6327C6496}/下營區龍泰堂廟會遶境路關圖.pdf,http://www.tainan.gov.tw/tn/agr/tnpage.asp?id=5983965B-B085-4407-86A3-BF7762B4BB21
